560537,23103,JINGLE BELL HEART DECORATION,24,7/19/2011 12:19,1.65,17779,United Kingdom
560537,84596F,SMALL MARSHMALLOWS PINK BOWL,8,7/19/2011 12:19,0.42,17779,United Kingdom
560537,84596B,SMALL DOLLY MIX DESIGN ORANGE BOWL,8,7/19/2011 12:19,0.42,17779,United Kingdom
560537,84836,ZINC METAL HEART DECORATION,12,7/19/2011 12:19,1.25,17779,United Kingdom
560537,85099B,JUMBO BAG RED RETROSPOT,2,7/19/2011 12:19,2.08,17779,United Kingdom
560537,20992,JAZZ HEARTS PURSE NOTEBOOK,5,7/19/2011 12:19,0.39,17779,United Kingdom
560537,22210,WOOD STAMP SET BEST WISHES,9,7/19/2011 12:19,0.83,17779,United Kingdom
560537,22818,CARD CHRISTMAS VILLAGE,24,7/19/2011 12:19,0.42,17779,United Kingdom
560537,22044,CHRISTMAS CARD STACK OF PRESENTS,24,7/19/2011 12:19,0.42,17779,United Kingdom
560537,21993,FLORAL FOLK STATIONERY SET,6,7/19/2011 12:19,1.25,17779,United Kingdom
560538,21907,I'M ON HOLIDAY METAL SIGN,12,7/19/2011 12:19,2.1,16128,United Kingdom
560538,21718,RED METAL BEACH SPADE ,12,7/19/2011 12:19,1.25,16128,United Kingdom
560538,21715,GIRLS VINTAGE TIN SEASIDE BUCKET,8,7/19/2011 12:19,2.55,16128,United Kingdom
560538,21716,BOYS VINTAGE TIN SEASIDE BUCKET,8,7/19/2011 12:19,2.55,16128,United Kingdom
560538,22274,FELTCRAFT DOLL EMILY,6,7/19/2011 12:19,2.95,16128,United Kingdom
560538,22273,FELTCRAFT DOLL MOLLY,6,7/19/2011 12:19,2.95,16128,United Kingdom
560538,20972,PINK CREAM FELT CRAFT TRINKET BOX ,12,7/19/2011 12:19,1.25,16128,United Kingdom
560538,21507,"ELEPHANT, BIRTHDAY CARD, ",12,7/19/2011 12:19,0.42,16128,United Kingdom
560538,21509,COWBOYS AND INDIANS BIRTHDAY CARD ,12,7/19/2011 12:19,0.42,16128,United Kingdom
560538,22965,3 TRADITIONAl BISCUIT CUTTERS  SET,12,7/19/2011 12:19,2.1,16128,United Kingdom
560538,22961,JAM MAKING SET PRINTED,24,7/19/2011 12:19,1.45,16128,United Kingdom
560538,22960,JAM MAKING SET WITH JARS,12,7/19/2011 12:19,3.75,16128,United Kingdom
560538,22993,SET OF 4 PANTRY JELLY MOULDS,12,7/19/2011 12:19,1.25,16128,United Kingdom
560538,21868,POTTING SHED TEA MUG,12,7/19/2011 12:19,1.25,16128,United Kingdom
560538,23296,SET OF 6 TEA TIME BAKING CASES,8,7/19/2011 12:19,1.25,16128,United Kingdom
560538,23294,SET OF 6 SNACK LOAF BAKING CASES,8,7/19/2011 12:19,0.83,16128,United Kingdom
560538,23293,SET OF 12 FAIRY CAKE BAKING CASES,8,7/19/2011 12:19,0.83,16128,United Kingdom
560538,23295,SET OF 12 MINI LOAF BAKING CASES,8,7/19/2011 12:19,0.83,16128,United Kingdom
560539,85099B,JUMBO BAG RED RETROSPOT,10,7/19/2011 12:19,2.08,16745,United Kingdom
560539,22386,JUMBO BAG PINK POLKADOT,10,7/19/2011 12:19,2.08,16745,United Kingdom
560539,20712,JUMBO BAG WOODLAND ANIMALS,10,7/19/2011 12:19,2.08,16745,United Kingdom
560539,21930,JUMBO STORAGE BAG SKULLS,10,7/19/2011 12:19,2.08,16745,United Kingdom
560539,85099F,JUMBO BAG STRAWBERRY,10,7/19/2011 12:19,2.08,16745,United Kingdom
560539,23203,JUMBO BAG DOILEY PATTERNS,10,7/19/2011 12:19,2.08,16745,United Kingdom
560539,23199,JUMBO BAG APPLES,10,7/19/2011 12:19,2.08,16745,United Kingdom
560539,23208,LUNCH BAG VINTAGE LEAF DESIGN,10,7/19/2011 12:19,1.65,16745,United Kingdom
560539,21155,RED RETROSPOT PEG BAG,5,7/19/2011 12:19,2.55,16745,United Kingdom
560539,22961,JAM MAKING SET PRINTED,10,7/19/2011 12:19,1.45,16745,United Kingdom
560539,21218,RED SPOTTY BISCUIT TIN,6,7/19/2011 12:19,3.75,16745,United Kingdom
560539,82578,KITCHEN METAL SIGN,25,7/19/2011 12:19,0.55,16745,United Kingdom
560539,21179,NO JUNK MAIL METAL SIGN,12,7/19/2011 12:19,0.39,16745,United Kingdom
560539,82580,BATHROOM METAL SIGN,25,7/19/2011 12:19,0.55,16745,United Kingdom
560539,21289,LARGE STRIPES CHOCOLATE GIFT BAG,4,7/19/2011 12:19,1.25,16745,United Kingdom
560539,22131,FOOD CONTAINER SET 3 LOVE HEART ,5,7/19/2011 12:19,1.95,16745,United Kingdom
560539,22908,PACK OF 20 NAPKINS RED APPLES,1,7/19/2011 12:19,0.85,16745,United Kingdom
560539,21175,GIN + TONIC DIET METAL SIGN,5,7/19/2011 12:19,2.55,16745,United Kingdom
560539,23321,SMALL WHITE HEART OF WICKER,10,7/19/2011 12:19,1.65,16745,United Kingdom
560539,21212,PACK OF 72 RETROSPOT CAKE CASES,48,7/19/2011 12:19,0.55,16745,United Kingdom
560539,21213,PACK OF 72 SKULL CAKE CASES,48,7/19/2011 12:19,0.55,16745,United Kingdom
560539,84992,72 SWEETHEART FAIRY CAKE CASES,48,7/19/2011 12:19,0.55,16745,United Kingdom
560539,21975,PACK OF 60 DINOSAUR CAKE CASES,48,7/19/2011 12:19,0.55,16745,United Kingdom
560539,22960,JAM MAKING SET WITH JARS,4,7/19/2011 12:19,4.25,16745,United Kingdom
560539,21216,"SET 3 RETROSPOT TEA,COFFEE,SUGAR",24,7/19/2011 12:19,4.25,16745,United Kingdom
C560540,85099B,JUMBO BAG RED RETROSPOT,-1,7/19/2011 12:26,2.08,12415,Australia
C560540,23307,SET OF 60 PANTRY DESIGN CAKE CASES ,-1,7/19/2011 12:26,0.55,12415,Australia
C560540,23306,SET OF 36 DOILIES PANTRY DESIGN,-1,7/19/2011 12:26,1.45,12415,Australia
C560540,23297,SET 40 HEART SHAPE PETIT FOUR CASES,-2,7/19/2011 12:26,1.65,12415,Australia
C560540,23296,SET OF 6 TEA TIME BAKING CASES,-2,7/19/2011 12:26,1.25,12415,Australia
C560540,23295,SET OF 12 MINI LOAF BAKING CASES,-2,7/19/2011 12:26,0.83,12415,Australia
C560540,23294,SET OF 6 SNACK LOAF BAKING CASES,-2,7/19/2011 12:26,0.83,12415,Australia
C560540,23293,SET OF 12 FAIRY CAKE BAKING CASES,-2,7/19/2011 12:26,0.83,12415,Australia
C560540,23291,DOLLY GIRL CHILDRENS CUP,-1,7/19/2011 12:26,1.25,12415,Australia
C560540,23256,CHILDRENS CUTLERY SPACEBOY ,-1,7/19/2011 12:26,4.15,12415,Australia
C560540,23255,CHILDRENS CUTLERY CIRCUS PARADE,-1,7/19/2011 12:26,4.15,12415,Australia
C560540,23254,CHILDRENS CUTLERY DOLLY GIRL ,-1,7/19/2011 12:26,4.15,12415,Australia
C560540,23245,SET OF 3 REGENCY CAKE TINS,-1,7/19/2011 12:26,4.95,12415,Australia
C560540,23244,ROUND STORAGE TIN VINTAGE LEAF,-1,7/19/2011 12:26,1.95,12415,Australia
C560540,23243,SET OF TEA COFFEE SUGAR TINS PANTRY,-1,7/19/2011 12:26,4.95,12415,Australia
C560540,23242,TREASURE TIN BUFFALO BILL ,-1,7/19/2011 12:26,2.08,12415,Australia
C560540,23241,TREASURE TIN GYMKHANA DESIGN,-1,7/19/2011 12:26,2.08,12415,Australia
C560540,23240,SET OF 4 KNICK KNACK TINS DOILEY ,-1,7/19/2011 12:26,4.15,12415,Australia
C560540,23237,SET OF 4 KNICK KNACK TINS LEAF,-1,7/19/2011 12:26,4.15,12415,Australia
C560540,23236,DOILEY STORAGE TIN,-1,7/19/2011 12:26,2.89,12415,Australia
C560540,23235,STORAGE TIN VINTAGE LEAF,-1,7/19/2011 12:26,2.89,12415,Australia
C560540,23232,WRAP VINTAGE LEAF DESIGN,-1,7/19/2011 12:26,0.42,12415,Australia
C560540,23229,VINTAGE DONKEY TAIL GAME ,-1,7/19/2011 12:26,3.75,12415,Australia
C560540,23209,LUNCH BAG DOILEY PATTERN ,-1,7/19/2011 12:26,1.65,12415,Australia
C560540,23207,LUNCH BAG ALPHABET DESIGN,-1,7/19/2011 12:26,1.65,12415,Australia
C560540,23206,LUNCH BAG APPLE DESIGN,-1,7/19/2011 12:26,1.65,12415,Australia
C560540,23203,JUMBO BAG DOILEY PATTERNS,-1,7/19/2011 12:26,2.08,12415,Australia
C560540,23201,JUMBO BAG ALPHABET,-1,7/19/2011 12:26,2.08,12415,Australia
C560540,23192,BUNDLE OF 3 ALPHABET EXERCISE BOOKS,-1,7/19/2011 12:26,1.65,12415,Australia
C560540,23190,BUNDLE OF 3 SCHOOL EXERCISE BOOKS  ,-1,7/19/2011 12:26,1.65,12415,Australia
C560540,23174,REGENCY SUGAR BOWL GREEN,-1,7/19/2011 12:26,4.15,12415,Australia
C560540,23167,SMALL CERAMIC TOP STORAGE JAR ,-1,7/19/2011 12:26,0.83,12415,Australia
C560540,23166,MEDIUM CERAMIC TOP STORAGE JAR,-1,7/19/2011 12:26,1.25,12415,Australia
C560540,23165,LARGE CERAMIC TOP STORAGE JAR,-1,7/19/2011 12:26,1.65,12415,Australia
C560540,23159,SET OF 5 PANCAKE DAY MAGNETS,-1,7/19/2011 12:26,2.08,12415,Australia
C560540,23154,SET OF 4 JAM JAR MAGNETS,-1,7/19/2011 12:26,2.08,12415,Australia
C560540,23108,SET OF 10 LED DOLLY LIGHTS,-1,7/19/2011 12:26,6.25,12415,Australia
C560540,22973,CHILDREN'S CIRCUS PARADE MUG,-1,7/19/2011 12:26,1.65,12415,Australia
C560540,22720,SET OF 3 CAKE TINS PANTRY DESIGN ,-1,7/19/2011 12:26,4.95,12415,Australia
C560540,22546,MINI JIGSAW PURDEY,-1,7/19/2011 12:26,0.42,12415,Australia
C560540,22545,MINI JIGSAW BUNNIES,-1,7/19/2011 12:26,0.42,12415,Australia
C560540,22492,MINI PAINT SET VINTAGE ,-36,7/19/2011 12:26,0.65,12415,Australia
C560540,22150,3 STRIPEY MICE FELTCRAFT,-1,7/19/2011 12:26,1.95,12415,Australia
C560540,22147,FELTCRAFT BUTTERFLY HEARTS,-1,7/19/2011 12:26,1.45,12415,Australia
C560540,22138,BAKING SET 9 PIECE RETROSPOT ,-1,7/19/2011 12:26,4.95,12415,Australia
C560540,21974,SET OF 36 PAISLEY FLOWER DOILIES,-1,7/19/2011 12:26,1.45,12415,Australia
C560540,21936,RED RETROSPOT PICNIC BAG,-1,7/19/2011 12:26,2.95,12415,Australia
564754,21068,VINTAGE BILLBOARD LOVE/HATE MUG,1,8/30/2011 10:29,2.46,,United Kingdom
564754,21080,SET/20 RED RETROSPOT PAPER NAPKINS ,5,8/30/2011 10:29,0.83,,United Kingdom
564754,21084,SET/6 COLLAGE PAPER CUPS,3,8/30/2011 10:29,0.83,,United Kingdom
564754,21090,SET/6 COLLAGE PAPER PLATES,3,8/30/2011 10:29,0.83,,United Kingdom
564754,21094,SET/6 RED SPOTTY PAPER PLATES,7,8/30/2011 10:29,0.83,,United Kingdom
564754,21129,SILVER FISHING GNOME ,1,8/30/2011 10:29,12.46,,United Kingdom
564754,21137,BLACK RECORD COVER FRAME,3,8/30/2011 10:29,7.46,,United Kingdom
564754,21165,BEWARE OF THE CAT METAL SIGN ,1,8/30/2011 10:29,4.13,,United Kingdom
564754,21191,LARGE WHITE HONEYCOMB PAPER BELL  ,3,8/30/2011 10:29,4.13,,United Kingdom
564754,21210,SET OF 72 RETROSPOT PAPER  DOILIES,1,8/30/2011 10:29,2.92,,United Kingdom
564754,21221,SET/4 BADGES CUTE CREATURES,1,8/30/2011 10:29,2.46,,United Kingdom
564754,21232,STRAWBERRY CERAMIC TRINKET BOX,1,8/30/2011 10:29,2.46,,United Kingdom
564754,21246,RED RETROSPOT BIG BOWL,1,8/30/2011 10:29,4.13,,United Kingdom
564754,21340,CLASSIC METAL BIRDCAGE PLANT HOLDER,1,8/30/2011 10:29,24.96,,United Kingdom
564754,21365,MIRRORED WALL ART STARS,4,8/30/2011 10:29,5.79,,United Kingdom
564754,21379,CAMPHOR WOOD PORTOBELLO MUSHROOM,1,8/30/2011 10:29,2.46,,United Kingdom
564754,21447,12 IVORY ROSE PEG PLACE SETTINGS,5,8/30/2011 10:29,2.46,,United Kingdom
564754,21455,PAINTED YELLOW WOODEN DAISY,5,8/30/2011 10:29,0.83,,United Kingdom
564754,21530,DAIRY MAID TOASTRACK,1,8/30/2011 10:29,3.29,,United Kingdom
564754,21559,STRAWBERRY LUNCH BOX WITH CUTLERY,1,8/30/2011 10:29,4.96,,United Kingdom
564754,21563,RED HEART SHAPE LOVE BUCKET ,1,8/30/2011 10:29,5.79,,United Kingdom
564754,21684,SMALL MEDINA STAMPED METAL BOWL ,2,8/30/2011 10:29,2.46,,United Kingdom
564754,21723,ALPHABET HEARTS STICKER SHEET,1,8/30/2011 10:29,1.63,,United Kingdom
564754,21733,RED HANGING HEART T-LIGHT HOLDER,1,8/30/2011 10:29,5.79,,United Kingdom
564754,21743,STAR PORTABLE TABLE LIGHT ,4,8/30/2011 10:29,5.79,,United Kingdom
564754,21746,SMALL RED RETROSPOT WINDMILL,5,8/30/2011 10:29,2.46,,United Kingdom
564754,21774,DECORATIVE CATS BATHROOM BOTTLE,1,8/30/2011 10:29,2.46,,United Kingdom
564754,21786,POLKADOT RAIN HAT ,2,8/30/2011 10:29,0.83,,United Kingdom
564754,21787,RAIN PONCHO RETROSPOT,1,8/30/2011 10:29,1.63,,United Kingdom
564754,21801,CHRISTMAS TREE DECORATION WITH BELL,1,8/30/2011 10:29,0.42,,United Kingdom
564754,21802,CHRISTMAS TREE HEART DECORATION,1,8/30/2011 10:29,0.42,,United Kingdom
564754,21803,CHRISTMAS TREE STAR DECORATION,1,8/30/2011 10:29,0.42,,United Kingdom
564754,21811,HANGING HEART WITH BELL,1,8/30/2011 10:29,2.46,,United Kingdom
564754,21820,GLITTER HEART GARLAND WITH BELLS ,3,8/30/2011 10:29,7.46,,United Kingdom
564754,21871,SAVE THE PLANET MUG,1,8/30/2011 10:29,3.29,,United Kingdom
564754,21880,RED RETROSPOT TAPE,1,8/30/2011 10:29,0.42,,United Kingdom
564754,21889,WOODEN BOX OF DOMINOES,1,8/30/2011 10:29,2.46,,United Kingdom
564754,21903,MAN FLU METAL SIGN,1,8/30/2011 10:29,4.13,,United Kingdom
564754,21913,VINTAGE SEASIDE JIGSAW PUZZLES,1,8/30/2011 10:29,7.46,,United Kingdom
564754,21929,JUMBO BAG PINK VINTAGE PAISLEY,1,8/30/2011 10:29,4.13,,United Kingdom
564754,21931,JUMBO STORAGE BAG SUKI,1,8/30/2011 10:29,4.13,,United Kingdom
564754,21933,PINK VINTAGE PAISLEY PICNIC BAG,1,8/30/2011 10:29,2.46,,United Kingdom
564754,21992,VINTAGE PAISLEY STATIONERY SET,2,8/30/2011 10:29,2.46,,United Kingdom
564754,21993,FLORAL FOLK STATIONERY SET,2,8/30/2011 10:29,2.46,,United Kingdom
564754,22062,CERAMIC BOWL WITH LOVE HEART DESIGN,1,8/30/2011 10:29,2.46,,United Kingdom
564754,22064,PINK DOUGHNUT TRINKET POT ,1,8/30/2011 10:29,3.29,,United Kingdom
564754,22090,PAPER BUNTING RETROSPOT,7,8/30/2011 10:29,5.79,,United Kingdom
564754,22109,FULL ENGLISH BREAKFAST PLATE,1,8/30/2011 10:29,7.46,,United Kingdom
564754,22131,FOOD CONTAINER SET 3 LOVE HEART ,2,8/30/2011 10:29,4.13,,United Kingdom
564754,22132,RED LOVE HEART SHAPE CUP,1,8/30/2011 10:29,1.63,,United Kingdom
564754,22133,PINK LOVE HEART SHAPE CUP,1,8/30/2011 10:29,1.63,,United Kingdom
564754,22134,MINI LADLE LOVE HEART RED ,1,8/30/2011 10:29,0.83,,United Kingdom
564754,22147,FELTCRAFT BUTTERFLY HEARTS,1,8/30/2011 10:29,3.29,,United Kingdom
564754,22165,"DIAMANTE HEART SHAPED WALL MIRROR, ",1,8/30/2011 10:29,10.79,,United Kingdom
564754,22174,PHOTO CUBE,1,8/30/2011 10:29,3.29,,United Kingdom
564754,22189,CREAM HEART CARD HOLDER,1,8/30/2011 10:29,8.29,,United Kingdom
564754,22192,BLUE DINER WALL CLOCK,1,8/30/2011 10:29,16.63,,United Kingdom
564754,22197,POPCORN HOLDER,1,8/30/2011 10:29,1.63,,United Kingdom
564754,22203,MILK PAN RED RETROSPOT,1,8/30/2011 10:29,7.46,,United Kingdom
564754,22204,MILK PAN BLUE POLKADOT,1,8/30/2011 10:29,7.46,,United Kingdom
564754,22227,HANGING HEART MIRROR DECORATION ,4,8/30/2011 10:29,1.25,,United Kingdom
564754,22268,DECORATION SITTING BUNNY,1,8/30/2011 10:29,0.63,,United Kingdom
564754,22269,EGG CUP NATURAL CHICKEN,1,8/30/2011 10:29,0.83,,United Kingdom
564754,22284,HEN HOUSE DECORATION,1,8/30/2011 10:29,3.29,,United Kingdom
564754,22300,COFFEE MUG DOG + BALL DESIGN,1,8/30/2011 10:29,4.96,,United Kingdom
564754,22348,TEA BAG PLATE RED RETROSPOT,1,8/30/2011 10:29,1.63,,United Kingdom
564754,22355,CHARLOTTE BAG SUKI DESIGN,1,8/30/2011 10:29,1.63,,United Kingdom
564754,22356,CHARLOTTE BAG PINK POLKADOT,1,8/30/2011 10:29,1.63,,United Kingdom
564754,22359,GLASS JAR KINGS CHOICE,1,8/30/2011 10:29,5.79,,United Kingdom
564754,22360,GLASS JAR ENGLISH CONFECTIONERY,1,8/30/2011 10:29,5.79,,United Kingdom
564754,22361,GLASS JAR DAISY FRESH COTTON WOOL,1,8/30/2011 10:29,5.79,,United Kingdom
564754,22363,GLASS JAR MARMALADE ,1,8/30/2011 10:29,5.79,,United Kingdom
564754,22364,GLASS JAR DIGESTIVE BISCUITS,2,8/30/2011 10:29,5.79,,United Kingdom
564754,22366,DOORMAT AIRMAIL ,1,8/30/2011 10:29,15.79,,United Kingdom
564754,22380,TOY TIDY SPACEBOY  ,1,8/30/2011 10:29,4.13,,United Kingdom
564754,22381,TOY TIDY PINK POLKADOT,2,8/30/2011 10:29,4.13,,United Kingdom
564754,22382,LUNCH BAG SPACEBOY DESIGN ,1,8/30/2011 10:29,4.13,,United Kingdom
564754,22384,LUNCH BAG PINK POLKADOT,1,8/30/2011 10:29,4.13,,United Kingdom
564754,22393,PAPERWEIGHT VINTAGE COLLAGE,1,8/30/2011 10:29,4.96,,United Kingdom
564754,22395,PAPERWEIGHT VINTAGE PAISLEY,1,8/30/2011 10:29,4.96,,United Kingdom
564754,22411,JUMBO SHOPPER VINTAGE RED PAISLEY,1,8/30/2011 10:29,4.13,,United Kingdom
564754,22412,METAL SIGN NEIGHBOURHOOD WITCH ,1,8/30/2011 10:29,4.13,,United Kingdom
564754,22422,TOOTHPASTE TUBE PEN,1,8/30/2011 10:29,1.25,,United Kingdom
564754,22423,REGENCY CAKESTAND 3 TIER,2,8/30/2011 10:29,24.96,,United Kingdom
564754,22429,ENAMEL MEASURING JUG CREAM,1,8/30/2011 10:29,8.29,,United Kingdom
564754,22494,EMERGENCY FIRST AID TIN ,1,8/30/2011 10:29,2.46,,United Kingdom
564754,22496,SET OF 2 ROUND TINS DUTCH CHEESE,2,8/30/2011 10:29,5.79,,United Kingdom
564754,22500,SET OF 2 TINS JARDIN DE PROVENCE,1,8/30/2011 10:29,10.79,,United Kingdom
564754,22508,DOORSTOP RETROSPOT HEART,3,8/30/2011 10:29,7.46,,United Kingdom
564754,22530,MAGIC DRAWING SLATE DOLLY GIRL ,1,8/30/2011 10:29,0.83,,United Kingdom
564754,22534,MAGIC DRAWING SLATE SPACEBOY ,1,8/30/2011 10:29,0.83,,United Kingdom
564754,22549,PICTURE DOMINOES,1,8/30/2011 10:29,3.29,,United Kingdom
564754,22564,ALPHABET STENCIL CRAFT,1,8/30/2011 10:29,2.46,,United Kingdom
564754,22570,FELTCRAFT CUSHION RABBIT,1,8/30/2011 10:29,7.46,,United Kingdom
564754,22630,DOLLY GIRL LUNCH BOX,1,8/30/2011 10:29,4.13,,United Kingdom
564754,22653,BUTTON BOX ,2,8/30/2011 10:29,4.13,,United Kingdom
564754,22659,LUNCH BOX I LOVE LONDON,1,8/30/2011 10:29,4.13,,United Kingdom
564754,22662,LUNCH BAG DOLLY GIRL DESIGN,1,8/30/2011 10:29,4.13,,United Kingdom
564754,22669,RED BABY BUNTING ,1,8/30/2011 10:29,5.79,,United Kingdom
564754,22672,FRENCH BATHROOM SIGN BLUE METAL,1,8/30/2011 10:29,3.29,,United Kingdom
564754,22677,FRENCH BLUE METAL DOOR SIGN 2,2,8/30/2011 10:29,2.46,,United Kingdom
564754,22683,FRENCH BLUE METAL DOOR SIGN 8,1,8/30/2011 10:29,2.46,,United Kingdom
564754,22686,FRENCH BLUE METAL DOOR SIGN No,1,8/30/2011 10:29,2.46,,United Kingdom
564754,22692,DOORMAT WELCOME TO OUR HOME,1,8/30/2011 10:29,15.79,,United Kingdom
564754,22693,GROW A FLYTRAP OR SUNFLOWER IN TIN,1,8/30/2011 10:29,2.5,,United Kingdom
564754,22697,GREEN REGENCY TEACUP AND SAUCER,1,8/30/2011 10:29,5.79,,United Kingdom
564754,22699,ROSES REGENCY TEACUP AND SAUCER ,1,8/30/2011 10:29,5.79,,United Kingdom
564754,22732,3D VINTAGE CHRISTMAS STICKERS ,1,8/30/2011 10:29,2.46,,United Kingdom
564754,22741,FUNKY DIVA PEN,2,8/30/2011 10:29,1.63,,United Kingdom
564754,22743,MAKE YOUR OWN FLOWERPOWER CARD KIT,1,8/30/2011 10:29,5.79,,United Kingdom
564754,22753,SMALL YELLOW BABUSHKA NOTEBOOK ,1,8/30/2011 10:29,1.63,,United Kingdom
564754,22754,SMALL RED BABUSHKA NOTEBOOK ,1,8/30/2011 10:29,1.63,,United Kingdom
564754,22798,ANTIQUE GLASS DRESSING TABLE POT,1,8/30/2011 10:29,5.79,,United Kingdom
564754,22800,ANTIQUE TALL SWIRLGLASS TRINKET POT,2,8/30/2011 10:29,7.46,,United Kingdom
564754,22806,SET OF 6 T-LIGHTS WEDDING CAKE ,1,8/30/2011 10:29,5.79,,United Kingdom
564754,22869,NUMBER TILE COTTAGE GARDEN 1,2,8/30/2011 10:29,4.13,,United Kingdom
564754,22877,NUMBER TILE COTTAGE GARDEN 9,2,8/30/2011 10:29,4.13,,United Kingdom
564754,22893,MINI CAKE STAND T-LIGHT HOLDER,6,8/30/2011 10:29,0.83,,United Kingdom
564754,22907,PACK OF 20 NAPKINS PANTRY DESIGN,1,8/30/2011 10:29,1.63,,United Kingdom
564754,22952,60 CAKE CASES VINTAGE CHRISTMAS,1,8/30/2011 10:29,1.25,,United Kingdom
564754,22961,JAM MAKING SET PRINTED,1,8/30/2011 10:29,3.29,,United Kingdom
564754,22966,GINGERBREAD MAN COOKIE CUTTER,2,8/30/2011 10:29,2.46,,United Kingdom
564754,22969,HOMEMADE JAM SCENTED CANDLES,2,8/30/2011 10:29,3.29,,United Kingdom
564754,22978,PANTRY ROLLING PIN,1,8/30/2011 10:29,7.46,,United Kingdom
564754,22979,PANTRY WASHING UP BRUSH,2,8/30/2011 10:29,3.29,,United Kingdom
564754,22980,PANTRY SCRUBBING BRUSH,2,8/30/2011 10:29,3.29,,United Kingdom
564754,22982,PANTRY PASTRY BRUSH,2,8/30/2011 10:29,2.46,,United Kingdom
564754,22993,SET OF 4 PANTRY JELLY MOULDS,2,8/30/2011 10:29,2.46,,United Kingdom
564754,23028,DRAWER KNOB CRACKLE GLAZE BLUE,7,8/30/2011 10:29,3.29,,United Kingdom
564754,23089,GLASS BON BON JAR,3,8/30/2011 10:29,3.29,,United Kingdom
564754,23109,PACK OF SIX LED TEA LIGHTS,1,8/30/2011 10:29,5.79,,United Kingdom
564754,23110,PARISIENNE KEY CABINET ,1,8/30/2011 10:29,12.46,,United Kingdom
564754,23153,ZINC SWEETHEART WIRE LETTER RACK,1,8/30/2011 10:29,7.46,,United Kingdom
564754,23160,REGENCY TEA SPOON,3,8/30/2011 10:29,2.46,,United Kingdom
564754,23161,REGENCY CAKE FORK,3,8/30/2011 10:29,2.46,,United Kingdom
564754,23162,REGENCY TEA STRAINER,1,8/30/2011 10:29,7.46,,United Kingdom
564754,23163,REGENCY SUGAR TONGS,1,8/30/2011 10:29,4.96,,United Kingdom
564754,23164,REGENCY CAKE SLICE,1,8/30/2011 10:29,9.96,,United Kingdom
564754,23165,LARGE CERAMIC TOP STORAGE JAR,2,8/30/2011 10:29,3.29,,United Kingdom
564754,23166,MEDIUM CERAMIC TOP STORAGE JAR,2,8/30/2011 10:29,2.46,,United Kingdom
564754,23167,SMALL CERAMIC TOP STORAGE JAR ,3,8/30/2011 10:29,1.63,,United Kingdom
564754,23168,CLASSIC CAFE SUGAR DISPENSER,1,8/30/2011 10:29,2.46,,United Kingdom
564754,23169,CLASSIC GLASS COOKIE JAR,2,8/30/2011 10:29,8.29,,United Kingdom
564754,23170,REGENCY TEA PLATE ROSES ,2,8/30/2011 10:29,3.29,,United Kingdom
564754,23171,REGENCY TEA PLATE GREEN ,1,8/30/2011 10:29,3.29,,United Kingdom
564754,23172,REGENCY TEA PLATE PINK,1,8/30/2011 10:29,3.29,,United Kingdom
564754,23174,REGENCY SUGAR BOWL GREEN,1,8/30/2011 10:29,8.29,,United Kingdom
564754,23176,ABC TREASURE BOOK BOX ,1,8/30/2011 10:29,4.58,,United Kingdom
564754,23181,BULL DOG BOTTLE TOP WALL CLOCK,1,8/30/2011 10:29,16.63,,United Kingdom
564754,23184,BULL DOG BOTTLE OPENER,2,8/30/2011 10:29,10.79,,United Kingdom
564754,23191,BUNDLE OF 3 RETRO NOTE BOOKS,1,8/30/2011 10:29,3.29,,United Kingdom
564754,23197,SKETCHBOOK MAGNETIC SHOPPING LIST,1,8/30/2011 10:29,3.29,,United Kingdom
564754,23198,PANTRY MAGNETIC  SHOPPING LIST,1,8/30/2011 10:29,3.29,,United Kingdom
564754,23199,JUMBO BAG APPLES,1,8/30/2011 10:29,4.13,,United Kingdom
564754,23200,JUMBO BAG PEARS,4,8/30/2011 10:29,4.13,,United Kingdom
564754,23203,JUMBO BAG VINTAGE DOILY ,2,8/30/2011 10:29,4.13,,United Kingdom
564754,23204,CHARLOTTE BAG APPLES DESIGN,1,8/30/2011 10:29,1.63,,United Kingdom
564754,23209,LUNCH BAG VINTAGE DOILY ,1,8/30/2011 10:29,4.13,,United Kingdom
564754,23220,REINDEER HEART DECORATION GOLD,1,8/30/2011 10:29,1.63,,United Kingdom
564754,23224,CHERUB HEART DECORATION GOLD,1,8/30/2011 10:29,1.63,,United Kingdom
564754,23239,SET OF 4 KNICK KNACK TINS POPPIES,1,8/30/2011 10:29,8.29,,United Kingdom
564754,23241,TREASURE TIN GYMKHANA DESIGN,1,8/30/2011 10:29,4.13,,United Kingdom
564754,23243,SET OF TEA COFFEE SUGAR TINS PANTRY,1,8/30/2011 10:29,10.79,,United Kingdom
564754,23245,SET OF 3 REGENCY CAKE TINS,2,8/30/2011 10:29,10.79,,United Kingdom
564754,23251,VINTAGE RED ENAMEL TRIM MUG ,2,8/30/2011 10:29,2.46,,United Kingdom
564754,23265,SET OF 3 WOODEN TREE DECORATIONS,1,8/30/2011 10:29,2.46,,United Kingdom
564754,23266,SET OF 3 WOODEN STOCKING DECORATION,1,8/30/2011 10:29,2.46,,United Kingdom
564754,23285,PINK VINTAGE SPOT BEAKER,1,8/30/2011 10:29,1.63,,United Kingdom
564754,23291,DOLLY GIRL CHILDRENS CUP,1,8/30/2011 10:29,2.46,,United Kingdom
564754,23293,SET OF 12 FAIRY CAKE BAKING CASES,3,8/30/2011 10:29,2.46,,United Kingdom
564754,23294,SET OF 6 SNACK LOAF BAKING CASES,2,8/30/2011 10:29,2.46,,United Kingdom
564754,23295,SET OF 12 MINI LOAF BAKING CASES,1,8/30/2011 10:29,2.46,,United Kingdom
564754,23296,SET OF 6 TEA TIME BAKING CASES,1,8/30/2011 10:29,3.29,,United Kingdom
564754,23297,SET 40 HEART SHAPE PETIT FOUR CASES,1,8/30/2011 10:29,3.29,,United Kingdom
564754,23300,GARDENERS KNEELING PAD CUP OF TEA ,1,8/30/2011 10:29,3.29,,United Kingdom
564754,23301,GARDENERS KNEELING PAD KEEP CALM ,1,8/30/2011 10:29,3.29,,United Kingdom
564754,23307,SET OF 60 PANTRY DESIGN CAKE CASES ,1,8/30/2011 10:29,1.25,,United Kingdom
564754,23328,SET 6 SCHOOL MILK BOTTLES IN CRATE,6,8/30/2011 10:29,7.46,,United Kingdom
564754,23334,IVORY WICKER HEART SMALL,1,8/30/2011 10:29,1.25,,United Kingdom
564754,23335,EGG FRYING PAN IVORY ,1,8/30/2011 10:29,4.13,,United Kingdom
564754,23336,EGG FRYING PAN PINK ,1,8/30/2011 10:29,4.13,,United Kingdom
564754,23338,EGG FRYING PAN RED ,1,8/30/2011 10:29,4.13,,United Kingdom
564754,23339,EGG FRYING PAN BLUE ,1,8/30/2011 10:29,4.13,,United Kingdom
564754,23348,CHILDRENS TOY COOKING UTENSIL SET,3,8/30/2011 10:29,4.13,,United Kingdom
564754,23350,ROLL WRAP VINTAGE SPOT ,1,8/30/2011 10:29,2.46,,United Kingdom
564754,23438, RED SPOT GIFT BAG LARGE,1,8/30/2011 10:29,2.46,,United Kingdom
564754,35911A,MULTICOLOUR RABBIT EGG WARMER,1,8/30/2011 10:29,0.83,,United Kingdom
564754,47367B,PAIR PADDED HANGERS PINK CHECK,3,8/30/2011 10:29,3.29,,United Kingdom
564754,47559B,TEA TIME OVEN GLOVE,1,8/30/2011 10:29,2.46,,United Kingdom
564754,47566,PARTY BUNTING,4,8/30/2011 10:29,10.79,,United Kingdom
564754,48194,DOORMAT HEARTS,1,8/30/2011 10:29,15.79,,United Kingdom
564754,71459,HANGING JAM JAR T-LIGHT HOLDERS,4,8/30/2011 10:29,1.66,,United Kingdom
564754,72351B,SET/6 PINK  BUTTERFLY T-LIGHTS,6,8/30/2011 10:29,4.13,,United Kingdom
564754,72801G,4 BURGUNDY WINE DINNER CANDLES,1,8/30/2011 10:29,2.46,,United Kingdom
564754,82482,WOODEN PICTURE FRAME WHITE FINISH,6,8/30/2011 10:29,5.79,,United Kingdom
564754,82580,BATHROOM METAL SIGN,1,8/30/2011 10:29,1.25,,United Kingdom
564754,84050,PINK HEART SHAPE EGG FRYING PAN,1,8/30/2011 10:29,4.13,,United Kingdom
564754,84078A,SET/4 WHITE RETRO STORAGE CUBES ,1,8/30/2011 10:29,58.29,,United Kingdom
564754,84375,SET OF 20 KIDS COOKIE CUTTERS,1,8/30/2011 10:29,4.13,,United Kingdom
564754,84510A,SET OF 4 ENGLISH ROSE COASTERS,1,8/30/2011 10:29,2.46,,United Kingdom
564754,84559A,3D SHEET OF DOG STICKERS,1,8/30/2011 10:29,1.63,,United Kingdom
564754,84596F,SMALL MARSHMALLOWS PINK BOWL,1,8/30/2011 10:29,0.83,,United Kingdom
564754,84596G,SMALL CHOCOLATES PINK BOWL,1,8/30/2011 10:29,0.83,,United Kingdom
564754,84687,BEACH HUT SHELF W 3 DRAWERS,1,8/30/2011 10:29,11.63,,United Kingdom
564754,84755,COLOUR GLASS T-LIGHT HOLDER HANGING,4,8/30/2011 10:29,1.24,,United Kingdom
564754,84796A,PINK HAWAIIAN PICNIC HAMPER FOR 2,1,8/30/2011 10:29,8.29,,United Kingdom
564754,84796B,BLUE SAVANNAH PICNIC HAMPER FOR 2,2,8/30/2011 10:29,8.29,,United Kingdom
564754,84828,JUNGLE POPSICLES ICE LOLLY MOULDS,1,8/30/2011 10:29,2.46,,United Kingdom
564754,84913A,SOFT PINK ROSE TOWEL ,1,8/30/2011 10:29,3.29,,United Kingdom
564754,84946,ANTIQUE SILVER T-LIGHT GLASS,3,8/30/2011 10:29,2.46,,United Kingdom
564754,84947,ANTIQUE SILVER TEA GLASS ENGRAVED,3,8/30/2011 10:29,2.46,,United Kingdom
564754,84950,ASSORTED COLOUR T-LIGHT HOLDER,6,8/30/2011 10:29,1.38,,United Kingdom
564754,84951A,SET OF 4 PISTACHIO LOVEBIRD COASTER,3,8/30/2011 10:29,2.46,,United Kingdom
564754,84951B,SET OF 4 BLACK LOVEBIRD COASTERS,1,8/30/2011 10:29,2.46,,United Kingdom
564754,84978,HANGING HEART JAR T-LIGHT HOLDER,25,8/30/2011 10:29,2.46,,United Kingdom
564754,84987,SET OF 36 TEATIME PAPER DOILIES,1,8/30/2011 10:29,2.92,,United Kingdom
564754,84988,SET OF 72 PINK HEART PAPER DOILIES,6,8/30/2011 10:29,2.92,,United Kingdom
564754,84991,60 TEATIME FAIRY CAKE CASES,1,8/30/2011 10:29,1.25,,United Kingdom
564754,84992,72 SWEETHEART FAIRY CAKE CASES,1,8/30/2011 10:29,1.25,,United Kingdom
564754,85078,SCANDINAVIAN 3 HEARTS NAPKIN RING,2,8/30/2011 10:29,1.63,,United Kingdom
564754,85087,CANDY SPOT CUSHION COVER,2,8/30/2011 10:29,3.29,,United Kingdom
564754,85099C,JUMBO  BAG BAROQUE BLACK WHITE,1,8/30/2011 10:29,4.13,,United Kingdom
564754,85099F,JUMBO BAG STRAWBERRY,1,8/30/2011 10:29,4.13,,United Kingdom
564754,85129B,BEADED CRYSTAL HEART GREEN SMALL,1,8/30/2011 10:29,2.46,,United Kingdom
564754,85131B,BEADED CRYSTAL HEART GREEN ON STICK,3,8/30/2011 10:29,0.83,,United Kingdom
564754,85131D,BEADED CRYSTAL HEART PINK ON STICK,25,8/30/2011 10:29,0.83,,United Kingdom
564754,90018A,SILVER M.O.P ORBIT DROP EARRINGS,1,8/30/2011 10:29,4.15,,United Kingdom
564754,90038A,GLASS AND PAINTED BEADS BRACELET TO,1,8/30/2011 10:29,3.73,,United Kingdom
564754,90114,SUMMER DAISIES BAG CHARM,1,8/30/2011 10:29,2.46,,United Kingdom
564754,90122C,TURQUOISE CRYSTAL+GLASS BRACELET,1,8/30/2011 10:29,4.98,,United Kingdom
564754,90130B,TURQ STONE/CRYSTAL EARRINGS,1,8/30/2011 10:29,2.9,,United Kingdom
564754,90145,SILVER HOOP EARRINGS WITH FLOWER,1,8/30/2011 10:29,6.23,,United Kingdom
564754,90181A,AMBER GLASS/SHELL/PEARL NECKLACE,1,8/30/2011 10:29,9.15,,United Kingdom
564754,90198A,VINTAGE ROSE BEAD BRACELET RASPBERR,1,8/30/2011 10:29,4.15,,United Kingdom
564754,90198B,VINTAGE ROSE BEAD BRACELET BLACK,1,8/30/2011 10:29,4.15,,United Kingdom
564754,90199A,5 STRAND GLASS NECKLACE BLACK,1,8/30/2011 10:29,6.23,,United Kingdom
564754,DOT,DOTCOM POSTAGE,1,8/30/2011 10:29,186.87,,United Kingdom
564754,10133,COLOURING PENCILS BROWN TUBE,1,8/30/2011 10:29,0.83,,United Kingdom
564754,15034,PAPER POCKET TRAVELING FAN ,1,8/30/2011 10:29,0.83,,United Kingdom
564754,15036,ASSORTED COLOURS SILK FAN,3,8/30/2011 10:29,1.63,,United Kingdom
564754,15044C,PURPLE PAPER PARASOL,1,8/30/2011 10:29,5.79,,United Kingdom
564754,15056N,EDWARDIAN PARASOL NATURAL,1,8/30/2011 10:29,12.46,,United Kingdom
564754,16207B,PINK HEART RED HANDBAG,1,8/30/2011 10:29,2.46,,United Kingdom
564754,16237,SLEEPING CAT ERASERS,1,8/30/2011 10:29,0.42,,United Kingdom
564754,17003,BROCADE RING PURSE ,2,8/30/2011 10:29,0.63,,United Kingdom
564754,17012D,ORIGAMI ROSE INCENSE/CANDLE SET ,1,8/30/2011 10:29,2.46,,United Kingdom
564754,20661,BLUE POLKADOT PURSE ,1,8/30/2011 10:29,2.46,,United Kingdom
564754,20707,CRAZY DAISY HEART DECORATION,5,8/30/2011 10:29,0.83,,United Kingdom
564754,20711,JUMBO BAG TOYS ,1,8/30/2011 10:29,4.13,,United Kingdom
564754,20712,JUMBO BAG WOODLAND ANIMALS,1,8/30/2011 10:29,4.13,,United Kingdom
564754,20713,JUMBO BAG OWLS,1,8/30/2011 10:29,4.13,,United Kingdom
564754,20724,RED RETROSPOT CHARLOTTE BAG,1,8/30/2011 10:29,1.63,,United Kingdom
564754,20725,LUNCH BAG RED RETROSPOT,1,8/30/2011 10:29,4.13,,United Kingdom
564754,20727,LUNCH BAG  BLACK SKULL.,2,8/30/2011 10:29,4.13,,United Kingdom
564754,20728,LUNCH BAG CARS BLUE,2,8/30/2011 10:29,4.13,,United Kingdom
564754,20846,ZINC HEART LATTICE T-LIGHT HOLDER,12,8/30/2011 10:29,2.46,,United Kingdom
564754,20897,VINTAGE NOTEBOOK PARIS DAYS,2,8/30/2011 10:29,2.46,,United Kingdom
564754,20903,VINTAGE KEEPSAKE BOX TRAVELOGUE,1,8/30/2011 10:29,4.13,,United Kingdom
564754,20914,SET/5 RED RETROSPOT LID GLASS BOWLS,1,8/30/2011 10:29,5.79,,United Kingdom
564754,20934,SET/3 POT PLANT CANDLES,1,8/30/2011 10:29,10.79,,United Kingdom
564754,20963,APPLE BATH SPONGE,1,8/30/2011 10:29,2.46,,United Kingdom
564754,20974,12 PENCILS SMALL TUBE SKULL,2,8/30/2011 10:29,1.25,,United Kingdom
564754,20977,36 PENCILS TUBE WOODLAND,1,8/30/2011 10:29,2.46,,United Kingdom
564754,20978,36 PENCILS TUBE SKULLS,1,8/30/2011 10:29,2.46,,United Kingdom
564754,20979,36 PENCILS TUBE RED RETROSPOT,1,8/30/2011 10:29,2.46,,United Kingdom
564754,21026,SPACE OWL,1,8/30/2011 10:29,2.46,,United Kingdom